id,name,image_url
1,مجموعة مكعبات بناء خشبية,https://loremflickr.com/cache/resized/4174_34532441815_7ba62cfee6_400_300_nofilter.jpg
2,مجموعة بلاطات مغناطيسية للبناء,https://loremflickr.com/cache/resized/defaultImage.small_400_300_nofilter.jpg
3,سيارة سباق بالتحكم عن بعد,https://loremflickr.com/cache/resized/8307_7805488150_7dd9af7d86_400_300_nofilter.jpg
4,تي شيرت قطني برقبة دائرية,https://loremflickr.com/cache/resized/defaultImage.small_400_300_nofilter.jpg
5,عطر عود ورد,https://loremflickr.com/cache/resized/defaultImage.small_400_300_nofilter.jpg
6,دب تيدي محشو,https://loremflickr.com/cache/resized/65535_52296865264_a1fc82cbd1_400_300_nofilter.jpg
7,كولونيا حمضيات منعشة,https://loremflickr.com/cache/resized/defaultImage.small_400_300_nofilter.jpg
8,عطر فانيليا وعنبر,https://loremflickr.com/cache/resized/defaultImage.small_400_300_nofilter.jpg
9,عطر ياسمين ومسك,https://loremflickr.com/cache/resized/defaultImage.small_400_300_nofilter.jpg
10,حصيرة يوغا,https://loremflickr.com/cache/resized/65535_54260447218_08e5d4f45f_400_300_nofilter.jpg
11,زوج دمبل قابل للتعديل,https://loremflickr.com/cache/resized/1860_42848149690_f9496e2ff0_z_400_300_nofilter.jpg
12,قلاية هوائية,https://loremflickr.com/cache/resized/defaultImage.small_400_300_nofilter.jpg
13,أطلس العالم بغلاف صلب,https://loremflickr.com/cache/resized/65535_51521908026_edd7b2482a_400_300_nofilter.jpg
14,مجموعة مجسمات ديناصورات,https://loremflickr.com/cache/resized/65535_49099690447_799839ce00_400_300_nofilter.jpg
15,سماعات بلوتوث لاسلكية,https://loremflickr.com/cache/resized/65535_50837098911_a9d1af45a5_z_400_300_nofilter.jpg
16,عطر خشب الصندل والتوابل,https://loremflickr.com/cache/resized/defaultImage.small_400_300_nofilter.jpg
17,كولونيا نسيم البحر,https://loremflickr.com/cache/resized/defaultImage.small_400_300_nofilter.jpg
18,جينز دنيم بقصة ضيقة,https://loremflickr.com/cache/resized/65535_53217199624_a661391a1c_z_400_300_nofilter.jpg
19,بخاخ جسم شاي أبيض,https://loremflickr.com/cache/resized/defaultImage.small_400_300_nofilter.jpg
20,غلاية كهربائية,https://loremflickr.com/cache/resized/65535_53483546735_d647845456_400_300_nofilter.jpg
21,سويت شيرت بغطاء رأس,https://loremflickr.com/cache/resized/2789_4017285458_0df333c566_400_300_nofilter.jpg
22,سماعات أذن عازلة للضوضاء,https://loremflickr.com/cache/resized/defaultImage.small_400_300_nofilter.jpg
23,عطر لافندر ليلي,https://loremflickr.com/cache/resized/788_26592068707_98e151ee38_z_400_300_nofilter.jpg
24,قميص كتان بأزرار,https://loremflickr.com/cache/resized/defaultImage.small_400_300_nofilter.jpg
25,طقم طبيب للأطفال,https://loremflickr.com/cache/resized/defaultImage.small_400_300_nofilter.jpg
26,طقم مطبخ ألعاب,https://loremflickr.com/cache/resized/7053_6934238610_00c1590819_400_300_nofilter.jpg
27,مكنسة روبوتية,https://loremflickr.com/cache/resized/65535_49078151552_0f2949ffda_400_300_nofilter.jpg
28,مجموعة أشرطة مقاومة,https://loremflickr.com/cache/resized/1813_30025304698_22b0cfb09f_c_400_300_nofilter.jpg
29,هاتف ذكي,https://loremflickr.com/cache/resized/65535_54584859375_2eff7b0708_400_300_nofilter.jpg
30,كتاب برمجة بايثون للمبتدئين,https://loremflickr.com/cache/resized/5565_31507959995_9036c9e8aa_400_300_nofilter.jpg
31,حلقات تكديس للأطفال,https://loremflickr.com/cache/resized/2702_4394077995_d256981194_z_400_300_nofilter.jpg
32,كراسة تعليم الخط العربي,https://loremflickr.com/cache/resized/defaultImage.small_400_300_nofilter.jpg
33,معطف صوف مخلوط,https://loremflickr.com/cache/resized/65535_51821513909_ff8788b523_400_300_nofilter.jpg
34,آلة قهوة إسبرسو,https://loremflickr.com/cache/resized/65535_50056475698_81879ec482_400_300_nofilter.jpg
35,جاكيت شتوي منفوخ,https://loremflickr.com/cache/resized/65535_49428758946_6323cd47c3_400_300_nofilter.jpg
36,بنطال تشينو كاجوال,https://loremflickr.com/cache/resized/defaultImage.small_400_300_nofilter.jpg
37,حزام خصر للجري,https://loremflickr.com/cache/resized/defaultImage.small_400_300_nofilter.jpg
38,فرن ميكروويف,https://loremflickr.com/cache/resized/8232_8569862422_cb4b245ae3_z_400_300_nofilter.jpg
39,عطر باتشولي نوير,https://loremflickr.com/cache/resized/defaultImage.small_400_300_nofilter.jpg
40,عجانة كهربائية,https://loremflickr.com/cache/resized/7624_16896364601_c76da3d4ba_400_300_nofilter.jpg
41,لعبة أحجية الحروف التعليمية,https://loremflickr.com/cache/resized/1_255220_fcc6542d8f_400_300_nofilter.jpg
42,خلاط كهربائي,https://loremflickr.com/cache/resized/7046_6910938673_ecb4337a97_z_400_300_nofilter.jpg
43,جهاز لوحي,https://loremflickr.com/cache/resized/65535_51693299535_6f420b641d_400_300_nofilter.jpg
44,كتاب طبخ صحي,https://loremflickr.com/cache/resized/8017_7125364613_eb0c317be9_400_300_nofilter.jpg
45,كولونيا برغموت ونجيل الهند,https://loremflickr.com/cache/resized/defaultImage.small_400_300_nofilter.jpg
46,كتاب قصص قبل النوم للأطفال,https://loremflickr.com/cache/resized/defaultImage.small_400_300_nofilter.jpg
47,حاسوب محمول,https://loremflickr.com/cache/resized/65535_54297982997_1e7d50950a_400_300_nofilter.jpg
48,مجموعة قطار خشبي,https://loremflickr.com/cache/resized/2326_2537286801_c6c398d0fe_400_300_nofilter.jpg
49,طقم بناء روبوت,https://loremflickr.com/cache/resized/4121_4805666970_c4dbd494ce_400_300_nofilter.jpg
50,حامل رسم للأطفال,https://loremflickr.com/cache/resized/7119_26838105405_23825160d0_400_300_nofilter.jpg
51,سلة كرة مصغرة للأطفال,https://loremflickr.com/cache/resized/defaultImage.small_400_300_nofilter.jpg
52,مجموعة سيوف إسفنجية,https://loremflickr.com/cache/resized/3413_3545725450_8dbb4d08be_400_300_nofilter.jpg
53,زجاجة ماء ستانلس ستيل,https://loremflickr.com/cache/resized/3190_2810413602_cd6ff9261e_400_300_nofilter.jpg
54,أسطوانة فوم للتمارين,https://loremflickr.com/cache/resized/65535_48555020811_ec1083126a_400_300_nofilter.jpg
55,محضر طعام,https://loremflickr.com/cache/resized/3792_13228991913_a262fc9b1f_400_300_nofilter.jpg
56,فارز أشكال ملون,https://loremflickr.com/cache/resized/defaultImage.small_400_300_nofilter.jpg
57,حبل قفز,https://loremflickr.com/cache/resized/7155_6729892101_d3e511f7b0_z_400_300_nofilter.jpg
58,طباخ أرز,https://loremflickr.com/cache/resized/6085_6085305020_56644e40b3_400_300_nofilter.jpg
59,لوحة مفاتيح ميكانيكية,https://loremflickr.com/cache/resized/65535_51708606222_2c491af1aa_z_400_300_nofilter.jpg
60,كرة سلة,https://loremflickr.com/cache/resized/5800_22528857633_971e0e2afb_400_300_nofilter.jpg
61,دليل التمويل الشخصي,https://loremflickr.com/cache/resized/4099_4827013488_60953318d3_400_300_nofilter.jpg
62,فأرة لاسلكية,https://loremflickr.com/cache/resized/65535_51731098090_131dc0b1f9_400_300_nofilter.jpg
63,بطة خشبية للسحب,https://loremflickr.com/cache/resized/defaultImage.small_400_300_nofilter.jpg
64,كرة قدم,https://loremflickr.com/cache/resized/65535_52760137660_5b3747ca4a_400_300_nofilter.jpg
65,رواية غموض,https://loremflickr.com/cache/resized/5267_5893290005_95d91a0042_z_400_300_nofilter.jpg
66,آلة تسجيل نقد ألعاب,https://loremflickr.com/cache/resized/3207_2748701174_f21507914f_o_400_300_nofilter.jpg
67,محول يو إس بي سي متعدد,https://loremflickr.com/cache/resized/461_20016678468_d9f4d55531_400_300_nofilter.jpg
68,رذاذ زهر الكرز,https://loremflickr.com/cache/resized/defaultImage.small_400_300_nofilter.jpg
69,طائرة هليكوبتر بالتحكم,https://loremflickr.com/cache/resized/2546_3688544750_30f038e4bf_z_400_300_nofilter.jpg
70,بيت دمى خشبي,https://loremflickr.com/cache/resized/4335_36226077180_3694891c8c_400_300_nofilter.jpg
71,موسوعة العلوم,https://loremflickr.com/cache/resized/6022_5914169915_ec692ee682_400_300_nofilter.jpg
72,باور بنك محمول,https://loremflickr.com/cache/resized/1469_24525653295_46fbf847f7_400_300_nofilter.jpg
73,دليل السفر إلى اليابان,https://loremflickr.com/cache/resized/defaultImage.small_400_300_nofilter.jpg
74,عطر جلد وتبغ,https://loremflickr.com/cache/resized/defaultImage.small_400_300_nofilter.jpg
75,تنورة ميدي بكسرات,https://loremflickr.com/cache/resized/defaultImage.small_400_300_nofilter.jpg
76,مضرب تنس,https://loremflickr.com/cache/resized/4020_34815622413_a5a498902b_400_300_nofilter.jpg
77,شاحن جداري سريع,https://loremflickr.com/cache/resized/defaultImage.small_400_300_nofilter.jpg
78,كارديغان محبوك,https://loremflickr.com/cache/resized/7435_10745104466_456a7f5e42_z_400_300_nofilter.jpg
79,شورت تدريب رياضي,https://loremflickr.com/cache/resized/4882_46201524374_8455ed12b4_400_300_nofilter.jpg
80,عبوة ريش بادمنتون,https://loremflickr.com/cache/resized/2819_11338764855_7360693b96_400_300_nofilter.jpg
81,طبل موسيقي للأطفال,https://loremflickr.com/cache/resized/2439_3611513691_d102231096_400_300_nofilter.jpg
82,دليل استراتيجية الأعمال,https://loremflickr.com/cache/resized/8537_29637932961_dfc6466a45_400_300_nofilter.jpg
83,دفتر يوميات التأمل,https://loremflickr.com/cache/resized/65535_54566803429_81cb1d978a_400_300_nofilter.jpg
84,سيرة تاريخية,https://loremflickr.com/cache/resized/defaultImage.small_400_300_nofilter.jpg
85,دليل البستنة,https://loremflickr.com/cache/resized/838_39758287140_223be03153_400_300_nofilter.jpg
86,نظارات سباحة,https://loremflickr.com/cache/resized/1883_29452275287_74bdb566a2_400_300_nofilter.jpg
87,قفازات ملاكمة,https://loremflickr.com/cache/resized/930_43112944664_11699d6629_400_300_nofilter.jpg
88,كتاب استكشاف الفضاء,https://loremflickr.com/cache/resized/3791_9620692522_7f90c7fe09_z_400_300_nofilter.jpg
89,خوذة دراجة,https://loremflickr.com/cache/resized/65535_48133480117_6d6a1b7b40_400_300_nofilter.jpg
90,سوار تتبع اللياقة,https://loremflickr.com/cache/resized/7563_15051486983_a951cb67ae_z_400_300_nofilter.jpg
91,محمصة خبز,https://loremflickr.com/cache/resized/65535_51920214512_17f98e54e0_400_300_nofilter.jpg
92,حلقة بيلاتس,https://loremflickr.com/cache/resized/1091_698675486_3e1665ad92_400_300_nofilter.jpg
93,دليل التسويق الرقمي,https://loremflickr.com/cache/resized/5460_31089732395_3139911bdf_400_300_nofilter.jpg
94,بليزر رسمي,https://loremflickr.com/cache/resized/defaultImage.small_400_300_nofilter.jpg
95,بخاخ جسم جوز هند ولايم,https://loremflickr.com/cache/resized/defaultImage.small_400_300_nofilter.jpg
96,مجموعة مسار كرات الرخام,https://loremflickr.com/cache/resized/1484_24400773684_6838184bdf_400_300_nofilter.jpg
97,مكنسة يدوية,https://loremflickr.com/cache/resized/65535_48954786508_ec9040de8c_z_400_300_nofilter.jpg
98,كرة كيتل بيل,https://loremflickr.com/cache/resized/1814_43844582332_fefb63e4c2_z_400_300_nofilter.jpg
99,فستان ماكسي صيفي,https://loremflickr.com/cache/resized/4444_37425330290_b7703bca78_400_300_nofilter.jpg
100,كراسة قواعد اللغة الإنجليزية,https://loremflickr.com/cache/resized/defaultImage.small_400_300_nofilter.jpg
101,بار عقلة,https://loremflickr.com/cache/resized/2805_33373019090_bfac72764d_z_400_300_nofilter.jpg
102,مكواة بخار,https://loremflickr.com/cache/resized/65535_53889718416_51239e6faa_400_300_nofilter.jpg
103,مكعب أنشطة ناعم للأطفال,https://loremflickr.com/cache/resized/4174_34532441815_7ba62cfee6_400_300_nofilter.jpg
104,منضدة أدوات ألعاب,https://loremflickr.com/cache/resized/defaultImage.small_400_300_nofilter.jpg
105,كتاب الرسم بالألوان المائية,https://loremflickr.com/cache/resized/65535_51126635228_7a0094a8ec_400_300_nofilter.jpg
106,مقابض تمارين الضغط,https://loremflickr.com/cache/resized/defaultImage.small_400_300_nofilter.jpg
107,جاكيت جلد للدراجات,https://loremflickr.com/cache/resized/65535_52520638414_991266b14b_z_400_300_nofilter.jpg
108,عطر فاوانيا وحرير,https://loremflickr.com/cache/resized/defaultImage.small_400_300_nofilter.jpg
109,كتاب تكتيكات الشطرنج,https://loremflickr.com/cache/resized/defaultImage.small_400_300_nofilter.jpg
110,كولونيا نعناع وريحان,https://loremflickr.com/cache/resized/defaultImage.small_400_300_nofilter.jpg
111,مجهر تعليمي للأطفال,https://loremflickr.com/cache/resized/defaultImage.small_400_300_nofilter.jpg
112,جهاز تبخير الملابس,https://loremflickr.com/cache/resized/defaultImage.small_400_300_nofilter.jpg
113,دليل ممارسة اليوغا,https://loremflickr.com/cache/resized/3030_2660135578_e848c7f5a3_400_300_nofilter.jpg
114,ساعة ذكية,https://loremflickr.com/cache/resized/65535_52648407120_27c8a1c704_z_400_300_nofilter.jpg
115,أوزان للكاحل,https://loremflickr.com/cache/resized/defaultImage.small_400_300_nofilter.jpg
116,طقم حفلة شاي للأطفال,https://loremflickr.com/cache/resized/6083_6153716103_aaab262b8c_400_300_nofilter.jpg
117,جاكيت فليس بسحاب,https://loremflickr.com/cache/resized/defaultImage.small_400_300_nofilter.jpg
118,عطر أوركيد أسود,https://loremflickr.com/cache/resized/defaultImage.small_400_300_nofilter.jpg
119,حقيبة رياضية,https://loremflickr.com/cache/resized/defaultImage.small_400_300_nofilter.jpg
120,سماعة بلوتوث محمولة,https://loremflickr.com/cache/resized/65535_54007628961_397a5a0597_400_300_nofilter.jpg
121,كتاب تعلم الآلة,https://loremflickr.com/cache/resized/3874_14990360442_53e51d58ef_z_400_300_nofilter.jpg
122,دمى يدوية على شكل حيوانات,https://loremflickr.com/cache/resized/defaultImage.small_400_300_nofilter.jpg
123,قميص بولو بياقة,https://loremflickr.com/cache/resized/65535_52357159628_381957eb4c_400_300_nofilter.jpg
124,أجهزة لاسلكية للأطفال,https://loremflickr.com/cache/resized/defaultImage.small_400_300_nofilter.jpg
125,كتاب خط زمني لتاريخ العالم,https://loremflickr.com/cache/resized/defaultImage.small_400_300_nofilter.jpg
126,كاميرا أكشن,https://loremflickr.com/cache/resized/65535_48716844351_9642158cf6_400_300_nofilter.jpg
127,حصيرة جهاز المشي,https://loremflickr.com/cache/resized/defaultImage.small_400_300_nofilter.jpg
128,كاميرا رقمية,https://loremflickr.com/cache/resized/8246_8623556127_f72669c3b7_z_400_300_nofilter.jpg
129,منقي هواء محمول,https://loremflickr.com/cache/resized/65535_49257728356_5cc6db728d_400_300_nofilter.jpg
130,عطر رحيق العسل,https://loremflickr.com/cache/resized/defaultImage.small_400_300_nofilter.jpg
131,قاموس مصور للأطفال,https://loremflickr.com/cache/resized/defaultImage.small_400_300_nofilter.jpg
132,بنطال كارغو عملي,https://loremflickr.com/cache/resized/65535_50561365553_6eb340455d_400_300_nofilter.jpg
133,إكسليفون خشبي للأطفال,https://loremflickr.com/cache/resized/4047_4311490382_3ff1074155_400_300_nofilter.jpg
134,كولونيا أرز ومطر,https://loremflickr.com/cache/resized/defaultImage.small_400_300_nofilter.jpg
135,طقم بيجاما ناعم,https://loremflickr.com/cache/resized/defaultImage.small_400_300_nofilter.jpg
136,حامل كاميرا ثلاثي,https://loremflickr.com/cache/resized/65535_53078489341_ac9bec995b_400_300_nofilter.jpg
137,إضاءة دائرية,https://loremflickr.com/cache/resized/65535_51027133637_d48787b8e9_z_400_300_nofilter.jpg
138,كرة تمارين,https://loremflickr.com/cache/resized/65535_49128839447_187e0d76a4_400_300_nofilter.jpg
139,رذاذ جريب فروت وزنجبيل,https://loremflickr.com/cache/resized/defaultImage.small_400_300_nofilter.jpg
140,مجموعة شعرية,https://loremflickr.com/cache/resized/3203_2702906688_b2098e4fe3_400_300_nofilter.jpg
141,توب مضلع بدون أكمام,https://loremflickr.com/cache/resized/defaultImage.small_400_300_nofilter.jpg
142,آلة فقاعات للأطفال,https://loremflickr.com/cache/resized/1184_5136777913_0ee69d96ee_400_300_nofilter.jpg
143,سيارة إطفاء ألعاب,https://loremflickr.com/cache/resized/6011_5961683169_6b501b15d7_400_300_nofilter.jpg
144,مضرب تنس طاولة,https://loremflickr.com/cache/resized/80_208525535_d28d352d78_400_300_nofilter.jpg
145,قوارب استحمام للأطفال,https://loremflickr.com/cache/resized/8662_16535344479_bc00aac2c0_z_400_300_nofilter.jpg
146,دليل الرسم الحضري,https://loremflickr.com/cache/resized/defaultImage.small_400_300_nofilter.jpg
147,عطر بودرة السوسن,https://loremflickr.com/cache/resized/defaultImage.small_400_300_nofilter.jpg
148,عطر ورق التين,https://loremflickr.com/cache/resized/defaultImage.small_400_300_nofilter.jpg
149,كاميرا ويب,https://loremflickr.com/cache/resized/65535_53869917308_9b0423f32f_z_400_300_nofilter.jpg
150,كولونيا تفاح وقرفة,https://loremflickr.com/cache/resized/defaultImage.small_400_300_nofilter.jpg
151,عطر ندى الماغنوليا,https://loremflickr.com/cache/resized/defaultImage.small_400_300_nofilter.jpg
152,شاشة ألعاب,https://loremflickr.com/cache/resized/65535_53897534162_ecf88124be_400_300_nofilter.jpg
153,بنطال بدلة مفصل,https://loremflickr.com/cache/resized/defaultImage.small_400_300_nofilter.jpg
154,قرص صلب خارجي,https://loremflickr.com/cache/resized/8235_8395388545_3fcce94a7b_400_300_nofilter.jpg
155,بخاخ جسم مانجو وباشن,https://loremflickr.com/cache/resized/defaultImage.small_400_300_nofilter.jpg
156,عطر أكوا مارين,https://loremflickr.com/cache/resized/3679_12534737034_fe0a1969f0_400_300_nofilter.jpg
157,قفاز بيسبول,https://loremflickr.com/cache/resized/2911_32976956544_17d766a3c7_400_300_nofilter.jpg
158,عطر عود وزعفران,https://loremflickr.com/cache/resized/defaultImage.small_400_300_nofilter.jpg
159,مزيل رطوبة,https://loremflickr.com/cache/resized/65535_50027171093_1317fc6c5f_z_400_300_nofilter.jpg
160,مرطب هواء,https://loremflickr.com/cache/resized/65535_52526122198_3c03e86064_400_300_nofilter.jpg
161,قرص SSD,https://loremflickr.com/cache/resized/7049_6921046323_b3a25eaaab_z_400_300_nofilter.jpg
162,كتاب تنظيم المنزل,https://loremflickr.com/cache/resized/3570_3803375800_41d148a57e_400_300_nofilter.jpg
163,حصيرة تدريب غولف,https://loremflickr.com/cache/resized/defaultImage.small_400_300_nofilter.jpg
164,موقد حث كهربائي,https://loremflickr.com/cache/resized/8248_8578575680_dd0b2c7e5d_400_300_nofilter.jpg
165,عصي رحلات جبلية,https://loremflickr.com/cache/resized/1235_831598953_160411a8ee_400_300_nofilter.jpg
166,كتاب تصوير الحياة البرية,https://loremflickr.com/cache/resized/3843_32662903623_8be0392908_z_400_300_nofilter.jpg
167,طباخ بطيء,https://loremflickr.com/cache/resized/2649_3881149079_9894da5bc1_400_300_nofilter.jpg
168,كتاب مبادئ القيادة,https://loremflickr.com/cache/resized/defaultImage.small_400_300_nofilter.jpg
169,كيس نوم للتخييم,https://loremflickr.com/cache/resized/6059_5915903698_8ae2773121_400_300_nofilter.jpg
170,كتاب ألغاز رياضية,https://loremflickr.com/cache/resized/5244_5382066368_1c02c1d4d5_z_400_300_nofilter.jpg
171,كولونيا شاي أخضر,https://loremflickr.com/cache/resized/defaultImage.small_400_300_nofilter.jpg
172,طقم بستنة للأطفال,https://loremflickr.com/cache/resized/7737_27616833195_727a5e02df_400_300_nofilter.jpg
173,قدر ضغط كهربائي,https://loremflickr.com/cache/resized/1761_42538462355_7cbd7c9013_400_300_nofilter.jpg
174,عطر كمثرى وفريزيا,https://loremflickr.com/cache/resized/defaultImage.small_400_300_nofilter.jpg
175,حقيبة ماء للرياضة,https://loremflickr.com/cache/resized/2584_5725867139_d09a4a4270_z_400_300_nofilter.jpg
176,عصارة فواكه,https://loremflickr.com/cache/resized/4007_4293887968_bc44a81461_400_300_nofilter.jpg
177,حصيرة أحجية أرضية,https://loremflickr.com/cache/resized/defaultImage.small_400_300_nofilter.jpg
178,شواية كهربائية,https://loremflickr.com/cache/resized/4077_4857816560_24803ed0cc_400_300_nofilter.jpg
179,فستان ملفوف من الأمام,https://loremflickr.com/cache/resized/4056_4385830957_e514ab0487_z_400_300_nofilter.jpg
180,مجسم طائرة ألعاب,https://loremflickr.com/cache/resized/3319_4588490876_7fbce9476c_400_300_nofilter.jpg
181,طقم تنكر أميرة,https://loremflickr.com/cache/resized/defaultImage.small_400_300_nofilter.jpg
182,آلة صنع الخبز,https://loremflickr.com/cache/resized/45_114668433_5e0c95ad43_400_300_nofilter.jpg
183,مجموعة عباءات أبطال خارقين,https://loremflickr.com/cache/resized/6184_6033485611_7daa751b85_z_400_300_nofilter.jpg
184,لعبة صيد السمك للأطفال,https://loremflickr.com/cache/resized/defaultImage.small_400_300_nofilter.jpg
185,آلة وافل,https://loremflickr.com/cache/resized/65535_50892056153_440597eb0c_z_400_300_nofilter.jpg
186,لفافات دعم للمعصم,https://loremflickr.com/cache/resized/defaultImage.small_400_300_nofilter.jpg
187,دعامات ضغط للركبة,https://loremflickr.com/cache/resized/defaultImage.small_400_300_nofilter.jpg
188,سلم رشاقة وسرعة,https://loremflickr.com/cache/resized/8341_28360328054_13bcfcfa92_400_300_nofilter.jpg
189,كتاب عبارات فرنسية,https://loremflickr.com/cache/resized/47_116348105_114a70f149_400_300_nofilter.jpg
190,مكبس شطائر,https://loremflickr.com/cache/resized/4054_4582068369_65b02d83dc_400_300_nofilter.jpg
191,كتاب طبخ متوسطي,https://loremflickr.com/cache/resized/defaultImage.small_400_300_nofilter.jpg
192,بطاقة ذاكرة,https://loremflickr.com/cache/resized/2843_9422089397_605002b2a5_400_300_nofilter.jpg
193,لوح توازن خشبي للأطفال,https://loremflickr.com/cache/resized/defaultImage.small_400_300_nofilter.jpg
194,لوح توازن,https://loremflickr.com/cache/resized/65535_51425786221_424e400d8b_b_400_300_nofilter.jpg
195,راوتر لاسلكي,https://loremflickr.com/cache/resized/65535_50307265356_7bd460e896_400_300_nofilter.jpg
196,كتاب أساسيات التصميم الجرافيكي,https://loremflickr.com/cache/resized/defaultImage.small_400_300_nofilter.jpg
197,رف تجفيف أطباق,https://loremflickr.com/cache/resized/65535_48297553617_1dee71935c_z_400_300_nofilter.jpg
198,مقوي إشارة واي فاي,https://loremflickr.com/cache/resized/65535_49902993272_b83814d2d7_400_300_nofilter.jpg
199,كرة طبية,https://loremflickr.com/cache/resized/5631_30587479881_847c2b7aaa_400_300_nofilter.jpg
200,كتاب أنشطة علمية للأطفال,https://loremflickr.com/cache/resized/defaultImage.small_400_300_nofilter.jpg
201,قميص فلانيل واسع,https://loremflickr.com/cache/resized/defaultImage.small_400_300_nofilter.jpg
202,عطر حبوب التونكا,https://loremflickr.com/cache/resized/defaultImage.small_400_300_nofilter.jpg
203,سترة مبطنة بدون أكمام,https://loremflickr.com/cache/resized/3243_2342516186_a6a658e019_400_300_nofilter.jpg
204,جهاز بث تلفزيوني,https://loremflickr.com/cache/resized/defaultImage.small_400_300_nofilter.jpg
205,رواية أدب كلاسيكي,https://loremflickr.com/cache/resized/2633_3807956196_eddd00c9e7_400_300_nofilter.jpg
206,تلفاز ذكي,https://loremflickr.com/cache/resized/65535_52472235414_068cda41d9_400_300_nofilter.jpg
207,مجموعة حيوانات مزرعة ألعاب,https://loremflickr.com/cache/resized/defaultImage.small_400_300_nofilter.jpg
208,كتاب شبكات الحاسوب,https://loremflickr.com/cache/resized/defaultImage.small_400_300_nofilter.jpg
209,ثلاجة صغيرة,https://loremflickr.com/cache/resized/65535_50078345152_3a59f2577c_400_300_nofilter.jpg
210,قارئ كتب إلكتروني,https://loremflickr.com/cache/resized/defaultImage.small_400_300_nofilter.jpg
211,فريزر صندوقي,https://loremflickr.com/cache/resized/45_146056301_9c333354b0_400_300_nofilter.jpg
212,مقوي قبضة اليد,https://loremflickr.com/cache/resized/defaultImage.small_400_300_nofilter.jpg
213,رذاذ رمان ومسك,https://loremflickr.com/cache/resized/defaultImage.small_400_300_nofilter.jpg
214,قفازات دراجة,https://loremflickr.com/cache/resized/2836_8911671803_1c93cb6bf2_400_300_nofilter.jpg
215,لوح رسم رقمي,https://loremflickr.com/cache/resized/3112_2766712519_2b86db07eb_400_300_nofilter.jpg
216,بنطال جوغر قطني,https://loremflickr.com/cache/resized/defaultImage.small_400_300_nofilter.jpg
217,جاكيت دنيم تراكر,https://loremflickr.com/cache/resized/defaultImage.small_400_300_nofilter.jpg
218,مختارات من الشعر العربي,https://loremflickr.com/cache/resized/defaultImage.small_400_300_nofilter.jpg
219,طقم تجارب علمية للأطفال,https://loremflickr.com/cache/resized/719_21805852623_b1e56eaf15_400_300_nofilter.jpg
220,بروجكتور محمول,https://loremflickr.com/cache/resized/4092_4843389004_85f1b99958_b_400_300_nofilter.jpg
221,عطر زهر البرتقال,https://loremflickr.com/cache/resized/defaultImage.small_400_300_nofilter.jpg
222,كولونيا بخور دخاني,https://loremflickr.com/cache/resized/defaultImage.small_400_300_nofilter.jpg
223,قبعة للجري,https://loremflickr.com/cache/resized/4064_4587626072_ba5dff163a_400_300_nofilter.jpg
224,غسالة ملابس,https://loremflickr.com/cache/resized/65535_50080716177_0a9c27c09a_400_300_nofilter.jpg
225,ليغنز بخصر عال,https://loremflickr.com/cache/resized/defaultImage.small_400_300_nofilter.jpg
226,مجفف ملابس,https://loremflickr.com/cache/resized/7289_8718353276_180f80a192_400_300_nofilter.jpg
227,دليل التدريب البدني,https://loremflickr.com/cache/resized/defaultImage.small_400_300_nofilter.jpg
228,غسالة صحون,https://loremflickr.com/cache/resized/65535_53268514398_76a345cdd0_400_300_nofilter.jpg
229,قميص أوكسفورد رسمي,https://loremflickr.com/cache/resized/defaultImage.small_400_300_nofilter.jpg
230,سفينة قراصنة ألعاب,https://loremflickr.com/cache/resized/2233_2282730997_ce1249a85b_400_300_nofilter.jpg
231,مجموعة مركبات بناء ألعاب,https://loremflickr.com/cache/resized/7559_15650154449_1ffb0f03a9_400_300_nofilter.jpg
232,عطر ملح البحر والمريمية,https://loremflickr.com/cache/resized/defaultImage.small_400_300_nofilter.jpg
233,مجموعة شخشيخات للأطفال,https://loremflickr.com/cache/resized/3489_3462723273_8a19c03c17_400_300_nofilter.jpg
234,وشاح كشمير,https://loremflickr.com/cache/resized/3482_3233902875_721a987634_400_300_nofilter.jpg
235,رذاذ توت العليق والورد,https://loremflickr.com/cache/resized/defaultImage.small_400_300_nofilter.jpg
236,عطر أخشاب الكشمير,https://loremflickr.com/cache/resized/defaultImage.small_400_300_nofilter.jpg
237,كراسة ريادة الأعمال,https://loremflickr.com/cache/resized/defaultImage.small_400_300_nofilter.jpg
238,واقيات ساق لكرة القدم,https://loremflickr.com/cache/resized/defaultImage.small_400_300_nofilter.jpg
239,دليل علم الفلك الميداني,https://loremflickr.com/cache/resized/defaultImage.small_400_300_nofilter.jpg
240,كتاب التصميم الداخلي,https://loremflickr.com/cache/resized/8070_8228381948_63846c4441_z_400_300_nofilter.jpg
241,كرة طائرة,https://loremflickr.com/cache/resized/4465_37878366466_4d6284c6ef_400_300_nofilter.jpg
242,كراسة رياضيات للأطفال,https://loremflickr.com/cache/resized/defaultImage.small_400_300_nofilter.jpg
243,عربة تسوق ألعاب,https://loremflickr.com/cache/resized/2781_4235198207_cdf33b01f7_z_400_300_nofilter.jpg
244,لوح تزلج,https://loremflickr.com/cache/resized/38_79551841_3593586a67_400_300_nofilter.jpg
245,باركا مقاومة للمطر,https://loremflickr.com/cache/resized/defaultImage.small_400_300_nofilter.jpg
246,كولونيا نيرولي مشمسة,https://loremflickr.com/cache/resized/defaultImage.small_400_300_nofilter.jpg
247,عطر لوز وتونكا,https://loremflickr.com/cache/resized/defaultImage.small_400_300_nofilter.jpg
248,نظارة واقع افتراضي,https://loremflickr.com/cache/resized/2836_34189275682_2aebd67336_z_400_300_nofilter.jpg
249,تنورة قصيرة بقصة A,https://loremflickr.com/cache/resized/defaultImage.small_400_300_nofilter.jpg
250,مروحة سقف,https://loremflickr.com/cache/resized/5219_29300368624_00f700c643_400_300_nofilter.jpg
251,هودي بطباعة جرافيك,https://loremflickr.com/cache/resized/2343_2485832716_0aac5b34ef_400_300_nofilter.jpg
252,حذاء تزلج بعجلات,https://loremflickr.com/cache/resized/3688_8858295392_b70a1df145_400_300_nofilter.jpg
253,طائرة درون بكاميرا,https://loremflickr.com/cache/resized/4906_45633056842_934a713c7d_400_300_nofilter.jpg
254,مكبر صوت منزلي ذكي,https://loremflickr.com/cache/resized/defaultImage.small_400_300_nofilter.jpg
255,بلوزة ساتان حريرية,https://loremflickr.com/cache/resized/65535_50834434697_1f9a9783b2_400_300_nofilter.jpg
256,مروحة برجية,https://loremflickr.com/cache/resized/1746_41629415705_52bc7df8aa_400_300_nofilter.jpg
257,مدفأة كهربائية,https://loremflickr.com/cache/resized/65535_53294309450_7b09990e01_400_300_nofilter.jpg
258,دليل تصوير البيانات,https://loremflickr.com/cache/resized/defaultImage.small_400_300_nofilter.jpg
259,عطر بنفسج بري,https://loremflickr.com/cache/resized/7019_6649512791_c6c2875d26_400_300_nofilter.jpg
260,بنطال كوردروي,https://loremflickr.com/cache/resized/1304_4704350289_500160c3b4_400_300_nofilter.jpg
261,منظم حرارة ذكي,https://loremflickr.com/cache/resized/1681_23681200723_60cef89f5c_400_300_nofilter.jpg
262,قاعدة شحن لاسلكية,https://loremflickr.com/cache/resized/867_26441094887_b205d97243_400_300_nofilter.jpg
263,كولونيا عرعر وصنوبر,https://loremflickr.com/cache/resized/defaultImage.small_400_300_nofilter.jpg
264,رذاذ كراميل وبرالين,https://loremflickr.com/cache/resized/defaultImage.small_400_300_nofilter.jpg
265,نظارات تزلج على الثلج,https://loremflickr.com/cache/resized/4014_4350938076_05d6f2a08b_400_300_nofilter.jpg
266,موزع ماء,https://loremflickr.com/cache/resized/7222_7337810980_cedd919485_400_300_nofilter.jpg
267,جاكيت خفيف مقاوم للرياح,https://loremflickr.com/cache/resized/defaultImage.small_400_300_nofilter.jpg
268,آلة تفريغ هواء للطعام,https://loremflickr.com/cache/resized/1734_42492737521_e69ca7bd26_400_300_nofilter.jpg
269,عطر مسك الروم المخملي,https://loremflickr.com/cache/resized/1848_29635708157_ae73e949f9_z_400_300_nofilter.jpg
270,قاعدة تبريد لابتوب,https://loremflickr.com/cache/resized/defaultImage.small_400_300_nofilter.jpg
271,كتاب مقدمة في الفلسفة,https://loremflickr.com/cache/resized/defaultImage.small_400_300_nofilter.jpg
272,معطف ترنش كلاسيكي,https://loremflickr.com/cache/resized/defaultImage.small_400_300_nofilter.jpg
273,مثبت هاتف جيمبال,https://loremflickr.com/cache/resized/defaultImage.small_400_300_nofilter.jpg
274,دليل مراقبة الطيور,https://loremflickr.com/cache/resized/65535_24281159536_7f0c828be2_400_300_nofilter.jpg
275,كنزة بياقة عالية,https://loremflickr.com/cache/resized/5511_10094986396_fb5e2986f2_z_400_300_nofilter.jpg
276,حبل لوح ركوب الأمواج,https://loremflickr.com/cache/resized/2732_4255613402_a988644b01_400_300_nofilter.jpg
277,كراسة كتابة إبداعية,https://loremflickr.com/cache/resized/defaultImage.small_400_300_nofilter.jpg
278,فتاحة علب كهربائية,https://loremflickr.com/cache/resized/8238_8587313495_0660e75e4a_400_300_nofilter.jpg
279,دليل إضاءة التصوير,https://loremflickr.com/cache/resized/2147_2045243593_f50018b5f8_400_300_nofilter.jpg
280,كولونيا ليمون فيربينا,https://loremflickr.com/cache/resized/defaultImage.small_400_300_nofilter.jpg
281,عطر برقوق متبل,https://loremflickr.com/cache/resized/defaultImage.small_400_300_nofilter.jpg
282,مفرمة لحم,https://loremflickr.com/cache/resized/102_268330899_74a658a28f_400_300_nofilter.jpg
283,كتاب أساطير العالم,https://loremflickr.com/cache/resized/3172_2680256530_8451a75cfc_400_300_nofilter.jpg
284,مقلاة كهربائية,https://loremflickr.com/cache/resized/2615_4194672561_5662549ed8_400_300_nofilter.jpg
285,دليل إدارة المشاريع,https://loremflickr.com/cache/resized/4099_4827013488_60953318d3_400_300_nofilter.jpg
286,شاحن سيارة للهاتف,https://loremflickr.com/cache/resized/4568_38761030722_625626c422_400_300_nofilter.jpg
287,كاميرا سيارة أمامية,https://loremflickr.com/cache/resized/2051_1785595544_9c89124559_400_300_nofilter.jpg
288,مجداف كاياك,https://loremflickr.com/cache/resized/65535_51523209567_8ab21b92f0_400_300_nofilter.jpg
289,طقم بولينج للأطفال,https://loremflickr.com/cache/resized/defaultImage.small_400_300_nofilter.jpg
290,عطر زنبق الماء,https://loremflickr.com/cache/resized/defaultImage.small_400_300_nofilter.jpg
291,آلة صنع فشار,https://loremflickr.com/cache/resized/2144_2057489018_e4269f5ff8_z_400_300_nofilter.jpg
292,قصبة صيد,https://loremflickr.com/cache/resized/1857_42863649670_3ef644790c_400_300_nofilter.jpg
293,آلة صنع آيس كريم,https://loremflickr.com/cache/resized/3080_3185113887_96fa3705f2_400_300_nofilter.jpg
294,طابعة صور محمولة,https://loremflickr.com/cache/resized/3170_3009680156_8dffbb8a39_400_300_nofilter.jpg
295,حقيبة طباشير للتسلق,https://loremflickr.com/cache/resized/2773_5837639366_a9267f0a9c_c_400_300_nofilter.jpg
296,طابعة نفث حبر,https://loremflickr.com/cache/resized/3145_2586296015_e6ed5f3dc7_400_300_nofilter.jpg
297,آلة صنع الزبادي,https://loremflickr.com/cache/resized/142_402117085_5463a0e723_400_300_nofilter.jpg
298,مكعبات حروف إسفنجية,https://loremflickr.com/cache/resized/defaultImage.small_400_300_nofilter.jpg
299,طابعة ليزر,https://loremflickr.com/cache/resized/65535_50893660021_9945e92162_400_300_nofilter.jpg
300,كاميرا ألعاب للأطفال,https://loremflickr.com/cache/resized/8051_8114247699_06356b6d0a_z_400_300_nofilter.jpg
301,أحجية أرقام خشبية,https://loremflickr.com/cache/resized/defaultImage.small_400_300_nofilter.jpg
302,رغوة حليب كهربائية,https://loremflickr.com/cache/resized/4490_37841293831_09e7974d66_z_400_300_nofilter.jpg
303,مطحنة قهوة,https://loremflickr.com/cache/resized/31337_54193020380_2505e23342_c_400_300_nofilter.jpg
304,موسوعة الحيوانات للأطفال,https://loremflickr.com/cache/resized/defaultImage.small_400_300_nofilter.jpg
305,كتاب إعداد عرض الشركات الناشئة,https://loremflickr.com/cache/resized/defaultImage.small_400_300_nofilter.jpg
306,تايت ضغط للجري,https://loremflickr.com/cache/resized/4082_4827466465_d5ac5aaf9d_400_300_nofilter.jpg
307,كتاب أساسيات الأمن السيبراني,https://loremflickr.com/cache/resized/defaultImage.small_400_300_nofilter.jpg
308,إبريق فلتر ماء,https://loremflickr.com/cache/resized/2661_4140447906_32d13bafa4_400_300_nofilter.jpg
309,فانوس تخييم,https://loremflickr.com/cache/resized/482_31155836044_48b1e3ba1b_z_400_300_nofilter.jpg
310,كولونيا قهوة وهيل,https://loremflickr.com/cache/resized/defaultImage.small_400_300_nofilter.jpg
311,ماسح مستندات,https://loremflickr.com/cache/resized/3244_3032258502_10f483077a_z_400_300_nofilter.jpg
312,رذاذ جسم مسك قطني,https://loremflickr.com/cache/resized/defaultImage.small_400_300_nofilter.jpg
313,تنورة دنيم بأزرار أمامية,https://loremflickr.com/cache/resized/defaultImage.small_400_300_nofilter.jpg
314,هنلي قصير الأكمام,https://loremflickr.com/cache/resized/defaultImage.small_400_300_nofilter.jpg
315,دليل نباتات مصور,https://loremflickr.com/cache/resized/defaultImage.small_400_300_nofilter.jpg
316,بنطال كتان مريح,https://loremflickr.com/cache/resized/3831_9607536711_240a919af2_400_300_nofilter.jpg
317,جاكيت بومبر,https://loremflickr.com/cache/resized/4582_38097452852_2684cf3bc6_400_300_nofilter.jpg
318,آلة مشروبات غازية,https://loremflickr.com/cache/resized/2342_1876440408_b832dd81bd_400_300_nofilter.jpg
319,سيارة إسعاف ألعاب,https://loremflickr.com/cache/resized/4036_4452866821_a09cdf96c1_400_300_nofilter.jpg
320,مسن سكاكين كهربائي,https://loremflickr.com/cache/resized/902_41769430484_f4308441ac_400_300_nofilter.jpg
321,فيست منفوخ بدون أكمام,https://loremflickr.com/cache/resized/defaultImage.small_400_300_nofilter.jpg
322,روب حمام قطني,https://loremflickr.com/cache/resized/2800_4141621465_06e64258ab_400_300_nofilter.jpg
323,دفتر عناية ذاتية,https://loremflickr.com/cache/resized/defaultImage.small_400_300_nofilter.jpg
324,عطر عنبر ذهبي,https://loremflickr.com/cache/resized/defaultImage.small_400_300_nofilter.jpg
325,كتاب الطبخ الإيطالي,https://loremflickr.com/cache/resized/4028_4348834893_6551790fc1_z_400_300_nofilter.jpg
326,كرسي قابل للطي,https://loremflickr.com/cache/resized/3164_2773059158_c6c7ec0b10_z_400_300_nofilter.jpg
327,عطر لوتس أزرق,https://loremflickr.com/cache/resized/defaultImage.small_400_300_nofilter.jpg
328,كولونيا لايم وريحان ومندرين,https://loremflickr.com/cache/resized/defaultImage.small_400_300_nofilter.jpg
329,حمالة رياضية بدون درزات,https://loremflickr.com/cache/resized/defaultImage.small_400_300_nofilter.jpg
330,مكنسة عصا لاسلكية,https://loremflickr.com/cache/resized/4464_36969554874_c52fbf07b8_400_300_nofilter.jpg
331,كتاب مصور عن العمارة,https://loremflickr.com/cache/resized/defaultImage.small_400_300_nofilter.jpg
332,ممسحة بخار,https://loremflickr.com/cache/resized/2698_4511690264_f6f7aa7356_400_300_nofilter.jpg
333,كتاب أساسيات الإحصاء,https://loremflickr.com/cache/resized/2289_2272656387_48fc336979_400_300_nofilter.jpg
334,ميكروفون اجتماعات,https://loremflickr.com/cache/resized/8176_8000115130_4314835a3b_400_300_nofilter.jpg
335,رذاذ إكليل الجبل والحمضيات,https://loremflickr.com/cache/resized/defaultImage.small_400_300_nofilter.jpg
336,منظف زجاج كهربائي,https://loremflickr.com/cache/resized/5685_23468938330_d652769a6c_z_400_300_nofilter.jpg
337,قميص صوف كاروهات,https://loremflickr.com/cache/resized/3567_3807124042_7b2d3c6561_c_400_300_nofilter.jpg
338,عطر عود وفانيليا,https://loremflickr.com/cache/resized/defaultImage.small_400_300_nofilter.jpg
339,جرس باب ذكي بكاميرا,https://loremflickr.com/cache/resized/defaultImage.small_400_300_nofilter.jpg
340,زوج بلوكات يوغا,https://loremflickr.com/cache/resized/4081_4735863718_7eba042506_z_400_300_nofilter.jpg
341,مجموعة دمى أصابع قصصية,https://loremflickr.com/cache/resized/2292_2397422432_8003f22118_400_300_nofilter.jpg
342,ميكروفون بودكاست,https://loremflickr.com/cache/resized/5641_29862968734_5252dd6f37_400_300_nofilter.jpg
343,واجهة صوتية,https://loremflickr.com/cache/resized/7733_18198528325_3f9f059ba9_400_300_nofilter.jpg
344,كتاب تلوين للأطفال,https://loremflickr.com/cache/resized/4025_4439045608_de6661e4d2_z_400_300_nofilter.jpg
345,سماعة مراقبة استوديو,https://loremflickr.com/cache/resized/3399_3176242630_132cccdc76_400_300_nofilter.jpg
346,مجموعة كرات تدليك,https://loremflickr.com/cache/resized/defaultImage.small_400_300_nofilter.jpg
347,طقم خدع سحرية للأطفال,https://loremflickr.com/cache/resized/defaultImage.small_400_300_nofilter.jpg
348,كاميرا مراقبة منزلية,https://loremflickr.com/cache/resized/549_32452561722_be719a9c9b_400_300_nofilter.jpg
349,كابل HDMI,https://loremflickr.com/cache/resized/65535_51381199153_83993467d6_z_400_300_nofilter.jpg
350,حزام رفع أثقال,https://loremflickr.com/cache/resized/defaultImage.small_400_300_nofilter.jpg
351,حلقات جمباز,https://loremflickr.com/cache/resized/7120_7678881722_8892940d54_400_300_nofilter.jpg
352,دفتر تعلم اللغات,https://loremflickr.com/cache/resized/65535_51151085119_a555af6d89_400_300_nofilter.jpg
353,ذاكرة فلاش USB,https://loremflickr.com/cache/resized/4114_4797466359_e83d3bbfd0_400_300_nofilter.jpg
354,فستان قفطان مطرز,https://loremflickr.com/cache/resized/defaultImage.small_400_300_nofilter.jpg
355,مصباح ذكي,https://loremflickr.com/cache/resized/defaultImage.small_400_300_nofilter.jpg
356,حبل تمارين ثقيل,https://loremflickr.com/cache/resized/4074_4770470733_274b40c9ac_z_400_300_nofilter.jpg
357,فرشاة أسنان كهربائية,https://loremflickr.com/cache/resized/65535_52662697349_b7707cf3a6_400_300_nofilter.jpg
358,مجفف شعر,https://loremflickr.com/cache/resized/65535_51243118211_4b6ed10ee8_z_400_300_nofilter.jpg
359,عطر زهر المشمش,https://loremflickr.com/cache/resized/defaultImage.small_400_300_nofilter.jpg
360,مكواة فرد شعر,https://loremflickr.com/cache/resized/65535_51213805454_a92a7f51fc_400_300_nofilter.jpg
361,ميزان حمام,https://loremflickr.com/cache/resized/4679_24596335767_d399802d9e_z_400_300_nofilter.jpg
362,منصة تمارين هوائية,https://loremflickr.com/cache/resized/defaultImage.small_400_300_nofilter.jpg
363,قفل باب ذكي,https://loremflickr.com/cache/resized/1669_25349791752_b6c9069ffc_z_400_300_nofilter.jpg
364,سفينة فضائية ألعاب,https://loremflickr.com/cache/resized/65535_49992827851_8ec5f848c0_400_300_nofilter.jpg
365,أرنب محشو ناعم,https://loremflickr.com/cache/resized/2693_4460283913_52dcba9b05_400_300_nofilter.jpg
366,مجموعة لوحة رمي السهام,https://loremflickr.com/cache/resized/defaultImage.small_400_300_nofilter.jpg
367,مضرب كريكيت,https://loremflickr.com/cache/resized/1823_43586031531_d885579571_400_300_nofilter.jpg
368,مجموعة مرآب سيارات ألعاب,https://loremflickr.com/cache/resized/3355_3550719440_9826bfc980_400_300_nofilter.jpg
369,آلة خياطة,https://loremflickr.com/cache/resized/65535_54234751270_6374b25b09_400_300_nofilter.jpg
370,غطاء شاطئ خفيف,https://loremflickr.com/cache/resized/3544_3652184425_a8d996a7d2_400_300_nofilter.jpg
371,كولونيا فلفل أسود,https://loremflickr.com/cache/resized/defaultImage.small_400_300_nofilter.jpg
372,عطر غاردينيا لؤلؤي,https://loremflickr.com/cache/resized/defaultImage.small_400_300_nofilter.jpg
373,بلوزة حرارية داخلية,https://loremflickr.com/cache/resized/defaultImage.small_400_300_nofilter.jpg
374,خيمة لعب للأطفال,https://loremflickr.com/cache/resized/2488_4026039819_ebc194b97b_400_300_nofilter.jpg
375,غسالة ملابس محمولة,https://loremflickr.com/cache/resized/defaultImage.small_400_300_nofilter.jpg
376,بطانية كهربائية,https://loremflickr.com/cache/resized/4892_31298048557_a5b26b436d_400_300_nofilter.jpg
377,تمهيد في الاقتصاد,https://loremflickr.com/cache/resized/defaultImage.small_400_300_nofilter.jpg
378,كتاب مشاريع روبوتات,https://loremflickr.com/cache/resized/defaultImage.small_400_300_nofilter.jpg
379,شاحنة خلط إسمنت ألعاب,https://loremflickr.com/cache/resized/5019_5495142984_8f88da495b_400_300_nofilter.jpg
380,رذاذ جسم ليتشي وورد,https://loremflickr.com/cache/resized/defaultImage.small_400_300_nofilter.jpg
381,عطر دخان الفيتيفر,https://loremflickr.com/cache/resized/defaultImage.small_400_300_nofilter.jpg
382,مصباح قاتل للبعوض,https://loremflickr.com/cache/resized/defaultImage.small_400_300_nofilter.jpg
383,خلاط يدوي,https://loremflickr.com/cache/resized/29_100378322_1702a808f2_z_400_300_nofilter.jpg
384,كتاب باترونات الخياطة,https://loremflickr.com/cache/resized/65535_54322010594_6c4287a9ed_z_400_300_nofilter.jpg
385,كرة رجبي,https://loremflickr.com/cache/resized/65535_51901329099_3aa06083b8_400_300_nofilter.jpg
386,بنطال منزلي برباط,https://loremflickr.com/cache/resized/defaultImage.small_400_300_nofilter.jpg
387,كتاب مرجع أعلام العالم,https://loremflickr.com/cache/resized/defaultImage.small_400_300_nofilter.jpg
388,عطر رحيق الخوخ,https://loremflickr.com/cache/resized/defaultImage.small_400_300_nofilter.jpg
389,قفازات قبضة رياضية,https://loremflickr.com/cache/resized/1796_28893653147_0a8dffdd20_400_300_nofilter.jpg
390,رذاذ خيار وشمام,https://loremflickr.com/cache/resized/defaultImage.small_400_300_nofilter.jpg
391,حامل ذراع للهاتف أثناء الجري,https://loremflickr.com/cache/resized/defaultImage.small_400_300_nofilter.jpg
392,كولونيا مطر وأوزون,https://loremflickr.com/cache/resized/defaultImage.small_400_300_nofilter.jpg
393,عطر مسك حليبي,https://loremflickr.com/cache/resized/defaultImage.small_400_300_nofilter.jpg
394,كاميرا باب فيديو,https://loremflickr.com/cache/resized/3550_3337485132_0d0dddcab9_400_300_nofilter.jpg
395,عطر كريمة الفستق,https://loremflickr.com/cache/resized/defaultImage.small_400_300_nofilter.jpg
396,حصان هزاز خشبي,https://loremflickr.com/cache/resized/3347_4643463911_345e093c40_400_300_nofilter.jpg
397,جاكيت قميص شمواه,https://loremflickr.com/cache/resized/65535_49428982622_80f3696928_400_300_nofilter.jpg
398,توب تدريب شبكي,https://loremflickr.com/cache/resized/defaultImage.small_400_300_nofilter.jpg
399,جهاز تتبع GPS,https://loremflickr.com/cache/resized/65535_48115625556_43caf6b215_400_300_nofilter.jpg
400,طقم طبول ألعاب,https://loremflickr.com/cache/resized/5148_5769743773_57d914bc21_400_300_nofilter.jpg
401,لوح رسم مغناطيسي للأطفال,https://loremflickr.com/cache/resized/defaultImage.small_400_300_nofilter.jpg
402,مخطط عادات صحية,https://loremflickr.com/cache/resized/defaultImage.small_400_300_nofilter.jpg
403,قميص رجبي بأكمام طويلة,https://loremflickr.com/cache/resized/978_28005508388_f7c068e6b4_400_300_nofilter.jpg
404,طقم إصلاح دراجة,https://loremflickr.com/cache/resized/108_298933204_d1c774bd72_o_400_300_nofilter.jpg
405,كولونيا هيل وورد,https://loremflickr.com/cache/resized/defaultImage.small_400_300_nofilter.jpg
406,خلاط غاطس,https://loremflickr.com/cache/resized/65535_49962882372_ee5d8073fd_400_300_nofilter.jpg
407,أرجوحة تخييم,https://loremflickr.com/cache/resized/65535_53564713906_364c80250f_c_400_300_nofilter.jpg
408,جيب سفاري ألعاب,https://loremflickr.com/cache/resized/defaultImage.small_400_300_nofilter.jpg
409,موسوعة الحياة البحرية,https://loremflickr.com/cache/resized/2503_3684428026_2f76bcfe13_400_300_nofilter.jpg
410,عطر مسك أبيض,https://loremflickr.com/cache/resized/defaultImage.small_400_300_nofilter.jpg
411,دليل كتابة الرواية,https://loremflickr.com/cache/resized/defaultImage.small_400_300_nofilter.jpg
412,علبة غداء كهربائية,https://loremflickr.com/cache/resized/defaultImage.small_400_300_nofilter.jpg
413,كتاب مشاريع النجارة,https://loremflickr.com/cache/resized/defaultImage.small_400_300_nofilter.jpg
414,جهاز ألعاب محمول,https://loremflickr.com/cache/resized/4145_5100763462_ed713c5bf6_z_400_300_nofilter.jpg
415,عصي جري جبلي,https://loremflickr.com/cache/resized/defaultImage.small_400_300_nofilter.jpg
416,رذاذ كشمش وتوت,https://loremflickr.com/cache/resized/defaultImage.small_400_300_nofilter.jpg
417,يد تحكم ألعاب,https://loremflickr.com/cache/resized/65535_50306703061_7c2afdd7ca_400_300_nofilter.jpg
418,كولونيا يوسفي وأخشاب,https://loremflickr.com/cache/resized/defaultImage.small_400_300_nofilter.jpg
419,مجموعة كرات حسية للأطفال,https://loremflickr.com/cache/resized/defaultImage.small_400_300_nofilter.jpg
420,مؤشر عرض لاسلكي,https://loremflickr.com/cache/resized/defaultImage.small_400_300_nofilter.jpg
421,بنطال بالازو واسع,https://loremflickr.com/cache/resized/337_18589819112_028a6d258f_400_300_nofilter.jpg
422,كراسة التحدث أمام الجمهور,https://loremflickr.com/cache/resized/defaultImage.small_400_300_nofilter.jpg
423,رافعة ألعاب,https://loremflickr.com/cache/resized/26_38669707_d096b9c4b6_400_300_nofilter.jpg
424,معطف فرو صناعي,https://loremflickr.com/cache/resized/3102_5728935513_15d4c72a0b_400_300_nofilter.jpg
425,كتاب الحضارات القديمة,https://loremflickr.com/cache/resized/defaultImage.small_400_300_nofilter.jpg
426,كاميرا مستندات محمولة,https://loremflickr.com/cache/resized/65535_51354476974_4d3a4e215b_c_400_300_nofilter.jpg
427,قلم رسم إلكتروني,https://loremflickr.com/cache/resized/8043_8090254573_43bf24de47_400_300_nofilter.jpg
428,قطاعة طعام صغيرة,https://loremflickr.com/cache/resized/defaultImage.small_400_300_nofilter.jpg
429,كتاب أنشطة الفضاء للأطفال,https://loremflickr.com/cache/resized/defaultImage.small_400_300_nofilter.jpg
430,ميزان مطبخ,https://loremflickr.com/cache/resized/3067_2699448989_5bb669e537_z_400_300_nofilter.jpg
431,مسار سباق سيارات للأطفال,https://loremflickr.com/cache/resized/6133_6032991792_f1f7e0e2cc_400_300_nofilter.jpg
432,نظارات ذكية,https://loremflickr.com/cache/resized/65535_52687938752_31a9bb1d0b_z_400_300_nofilter.jpg
433,ميزان حرارة لحم رقمي,https://loremflickr.com/cache/resized/3061_2489498585_e54c4209f1_400_300_nofilter.jpg
434,دليل الذكاء الاصطناعي,https://loremflickr.com/cache/resized/defaultImage.small_400_300_nofilter.jpg
435,محطة إرساء لابتوب,https://loremflickr.com/cache/resized/65535_51819270212_08df117644_z_400_300_nofilter.jpg
436,عطر شمواه وعنبر,https://loremflickr.com/cache/resized/defaultImage.small_400_300_nofilter.jpg
437,معداد خشبي للأطفال,https://loremflickr.com/cache/resized/109_304526237_6d1acf58bb_400_300_nofilter.jpg
438,جاكيت دنيم قصير,https://loremflickr.com/cache/resized/5217_5392384554_10ccbfcb43_z_400_300_nofilter.jpg
439,كنزة محبوكة برقبة V,https://loremflickr.com/cache/resized/defaultImage.small_400_300_nofilter.jpg
440,مبدل شبكة إيثرنت,https://loremflickr.com/cache/resized/4069_4322806741_ac8cce8c77_400_300_nofilter.jpg
441,وحدة تخزين شبكية,https://loremflickr.com/cache/resized/3428_3710212278_9a8b393d4d_z_400_300_nofilter.jpg
442,عطر لوتس وبامبو,https://loremflickr.com/cache/resized/defaultImage.small_400_300_nofilter.jpg
443,مضرب بيكل بول,https://loremflickr.com/cache/resized/65535_53361133989_e337f29b01_400_300_nofilter.jpg
444,هدف رماية بالقوس,https://loremflickr.com/cache/resized/5507_29861720014_0995c11024_400_300_nofilter.jpg
445,عطر زنجبيل وزنبق,https://loremflickr.com/cache/resized/defaultImage.small_400_300_nofilter.jpg
446,جاكيت ميداني عملي,https://loremflickr.com/cache/resized/defaultImage.small_400_300_nofilter.jpg
447,عصا بلياردو,https://loremflickr.com/cache/resized/2324_2045685900_962716b58c_z_400_300_nofilter.jpg
448,إسفين يوغا فوم,https://loremflickr.com/cache/resized/defaultImage.small_400_300_nofilter.jpg
449,فرن سطح الطاولة,https://loremflickr.com/cache/resized/8358_8339675425_08d274d785_z_400_300_nofilter.jpg
450,حاسوب مكتبي صغير,https://loremflickr.com/cache/resized/65535_49702753138_bfc65688fb_c_400_300_nofilter.jpg
451,عربة آيس كريم ألعاب,https://loremflickr.com/cache/resized/defaultImage.small_400_300_nofilter.jpg
452,مقابض أنابيب مقاومة,https://loremflickr.com/cache/resized/defaultImage.small_400_300_nofilter.jpg
453,مرمى كرة قدم متنقل,https://loremflickr.com/cache/resized/5250_5218561658_a3ac1970e3_z_400_300_nofilter.jpg
454,لوح تدريب سباحة,https://loremflickr.com/cache/resized/3102_2547579407_ff6f6ca2ea_z_400_300_nofilter.jpg
455,طقم سنوركل للغوص,https://loremflickr.com/cache/resized/defaultImage.small_400_300_nofilter.jpg
456,لوح تسخين كهربائي,https://loremflickr.com/cache/resized/2466_4071294754_78963d51e2_400_300_nofilter.jpg
457,تنورة قلم كلاسيكية,https://loremflickr.com/cache/resized/4410_35801306733_b6d6ffacb2_400_300_nofilter.jpg
458,حامل هاتف للدراجة,https://loremflickr.com/cache/resized/8506_8554439104_899093f4e2_400_300_nofilter.jpg
459,حاسوب الكل في واحد,https://loremflickr.com/cache/resized/defaultImage.small_400_300_nofilter.jpg
460,رذاذ كاكاو وفانيليا,https://loremflickr.com/cache/resized/defaultImage.small_400_300_nofilter.jpg
461,حقيبة ظهر للمشي الجبلي,https://loremflickr.com/cache/resized/5147_5595939613_f051831b8f_400_300_nofilter.jpg
462,سترة عاكسة للجري,https://loremflickr.com/cache/resized/defaultImage.small_400_300_nofilter.jpg
463,شورت بوكسر قطني,https://loremflickr.com/cache/resized/defaultImage.small_400_300_nofilter.jpg
464,ميكروفون كاريوكي للأطفال,https://loremflickr.com/cache/resized/65_163987875_8d6aacd36f_z_400_300_nofilter.jpg
465,شاشة منحنية,https://loremflickr.com/cache/resized/8690_16977289325_86a52f57ca_400_300_nofilter.jpg
466,شفاط مطبخ,https://loremflickr.com/cache/resized/7161_6574708317_a3d3980e49_400_300_nofilter.jpg
467,شاشة محمولة,https://loremflickr.com/cache/resized/65535_49857183481_a544988db7_400_300_nofilter.jpg
468,بلوزة بأكمام مكشكشة,https://loremflickr.com/cache/resized/defaultImage.small_400_300_nofilter.jpg
469,دهن عطر مسك وعود,https://loremflickr.com/cache/resized/defaultImage.small_400_300_nofilter.jpg
470,ماسح باركود,https://loremflickr.com/cache/resized/3438_3723391686_96a67bb7af_400_300_nofilter.jpg
471,مجموعة أقراص أوزان,https://loremflickr.com/cache/resized/defaultImage.small_400_300_nofilter.jpg
472,مشابك بارbell للأوزان,https://loremflickr.com/cache/resized/defaultImage.small_400_300_nofilter.jpg
473,غسالة صحون محمولة,https://loremflickr.com/cache/resized/1147_1440322817_8a3d624a2d_z_400_300_nofilter.jpg
474,كتاب تعليم الغيتار للمبتدئين,https://loremflickr.com/cache/resized/defaultImage.small_400_300_nofilter.jpg
475,سيارة شرطة ألعاب,https://loremflickr.com/cache/resized/4010_4384555878_cf778b3cec_400_300_nofilter.jpg
476,فيل محشو ناعم,https://loremflickr.com/cache/resized/1173_898052284_7c10a12788_400_300_nofilter.jpg
477,فستان سهرة دانتيل,https://loremflickr.com/cache/resized/1797_29009990757_305b4afb1a_z_400_300_nofilter.jpg
478,حصيرة لعب إسفنجية للأطفال,https://loremflickr.com/cache/resized/defaultImage.small_400_300_nofilter.jpg
479,جاكيت قميص مبطن,https://loremflickr.com/cache/resized/defaultImage.small_400_300_nofilter.jpg
480,معقم زجاجات,https://loremflickr.com/cache/resized/851_43682242691_fef3540907_400_300_nofilter.jpg
481,كولونيا حمضيات وأرز,https://loremflickr.com/cache/resized/defaultImage.small_400_300_nofilter.jpg
482,مجموعة أقماع تدريب,https://loremflickr.com/cache/resized/3895_14827273466_5ce56f560b_400_300_nofilter.jpg
483,عطر زهر البرقوق,https://loremflickr.com/cache/resized/defaultImage.small_400_300_nofilter.jpg
484,قفازات حارس مرمى,https://loremflickr.com/cache/resized/3174_2855655521_0530c85a19_400_300_nofilter.jpg
485,عبوة كرات تنس,https://loremflickr.com/cache/resized/5010_5212400679_b586f6009c_400_300_nofilter.jpg
486,طابعة ملصقات,https://loremflickr.com/cache/resized/5325_7063105195_54ff5a425d_400_300_nofilter.jpg
487,جهاز تحضير طعام الرضع,https://loremflickr.com/cache/resized/defaultImage.small_400_300_nofilter.jpg
488,طابعة إيصالات حرارية,https://loremflickr.com/cache/resized/65535_52687830166_dea8340a9d_z_400_300_nofilter.jpg
489,شبكة بادمنتون,https://loremflickr.com/cache/resized/5484_11218338104_a4a1f54a50_z_400_300_nofilter.jpg
490,قبعة بيني محبوكة,https://loremflickr.com/cache/resized/2283_2148426151_48493c698e_z_400_300_nofilter.jpg
491,مسجل صوت رقمي,https://loremflickr.com/cache/resized/106_296672954_d52fc0e1ba_400_300_nofilter.jpg
492,عطر ورد الشاي,https://loremflickr.com/cache/resized/690_23528359045_776ec147f3_400_300_nofilter.jpg
493,بخاخ جسم بحري بالنعناع,https://loremflickr.com/cache/resized/defaultImage.small_400_300_nofilter.jpg
494,كتاب ثقافة الشاي,https://loremflickr.com/cache/resized/defaultImage.small_400_300_nofilter.jpg
495,دليل حياة الصحراء البرية,https://loremflickr.com/cache/resized/65535_45453174021_3d7aa3cbd8_400_300_nofilter.jpg
496,قاموس إلكتروني,https://loremflickr.com/cache/resized/3350_3178591537_93b1ea38ff_400_300_nofilter.jpg
497,كتاب الحياة البسيطة,https://loremflickr.com/cache/resized/1970_44470588325_f6c11cafc9_z_400_300_nofilter.jpg
498,غسالة ضغط كهربائية,https://loremflickr.com/cache/resized/4241_35093526281_7466b3fa1a_400_300_nofilter.jpg
499,عطر راتنج العنبر,https://loremflickr.com/cache/resized/defaultImage.small_400_300_nofilter.jpg
500,محول بلوتوث للسيارة,https://loremflickr.com/cache/resized/defaultImage.small_400_300_nofilter.jpg
